kuname,candidate_name,party,color
北海道11区,候補者A,自由民主党,#d70035
北海道11区,候補者B,社民党,#1ca9e9
北海道11区,候補者C,公明党,#f55883
北海道12区,候補者A,日本維新の会,#88c900
北海道12区,候補者B,社民党,#1ca9e9
北海道12区,候補者C,無所属,#999999
北海道12区,候補者D,日本共産党,#5a2e87
北海道12区,候補者E,自由民主党,#d70035
北海道5区,候補者A,無所属,#999999
北海道5区,候補者B,公明党,#f55883
北海道5区,候補者C,立憲民主党,#004098
北海道5区,候補者D,日本共産党,#5a2e87
北海道5区,候補者E,れいわ新選組,#e954a4
北海道6区,候補者A,無所属,#999999
北海道6区,候補者B,れいわ新選組,#e954a4
北海道6区,候補者C,立憲民主党,#004098
北海道6区,候補者D,日本維新の会,#88c900
北海道6区,候補者E,国民民主党,#fdbd02
北海道3区,候補者A,立憲民主党,#004098
北海道3区,候補者B,れいわ新選組,#e954a4
北海道4区,候補者A,国民民主党,#fdbd02
北海道4区,候補者B,立憲民主党,#004098
北海道4区,候補者C,れいわ新選組,#e954a4
北海道4区,候補者D,公明党,#f55883
北海道4区,候補者E,自由民主党,#d70035
北海道9区,候補者A,日本維新の会,#88c900
北海道9区,候補者B,日本共産党,#5a2e87
北海道9区,候補者C,社民党,#1ca9e9
北海道9区,候補者D,立憲民主党,#004098
宮崎1区,候補者A,国民民主党,#fdbd02
宮崎1区,候補者B,日本共産党,#5a2e87
北海道10区,候補者A,無所属,#999999
北海道10区,候補者B,立憲民主党,#004098
北海道10区,候補者C,国民民主党,#fdbd02
北海道10区,候補者D,日本共産党,#5a2e87
北海道10区,候補者E,日本維新の会,#88c900
宮崎2区,候補者A,無所属,#999999
宮崎2区,候補者B,日本維新の会,#88c900
宮崎2区,候補者C,自由民主党,#d70035
宮崎2区,候補者D,日本共産党,#5a2e87
北海道7区,候補者A,れいわ新選組,#e954a4
北海道7区,候補者B,無所属,#999999
北海道8区,候補者A,国民民主党,#fdbd02
北海道8区,候補者B,立憲民主党,#004098
北海道8区,候補者C,無所属,#999999
北海道8区,候補者D,自由民主党,#d70035
山口3区,候補者A,国民民主党,#fdbd02
山口3区,候補者B,日本共産党,#5a2e87
山口3区,候補者C,日本維新の会,#88c900
滋賀1区,候補者A,日本共産党,#5a2e87
滋賀1区,候補者B,公明党,#f55883
滋賀1区,候補者C,無所属,#999999
滋賀2区,候補者A,国民民主党,#fdbd02
滋賀2区,候補者B,日本共産党,#5a2e87
滋賀2区,候補者C,日本維新の会,#88c900
滋賀2区,候補者D,社民党,#1ca9e9
滋賀2区,候補者E,自由民主党,#d70035
福岡1区,候補者A,日本共産党,#5a2e87
福岡1区,候補者B,れいわ新選組,#e954a4
福岡1区,候補者C,自由民主党,#d70035
福岡1区,候補者D,無所属,#999999
福岡2区,候補者A,れいわ新選組,#e954a4
福岡2区,候補者B,日本共産党,#5a2e87
福岡2区,候補者C,自由民主党,#d70035
宮崎3区,候補者A,日本維新の会,#88c900
宮崎3区,候補者B,無所属,#999999
宮崎3区,候補者C,国民民主党,#fdbd02
福岡5区,候補者A,立憲民主党,#004098
福岡5区,候補者B,日本維新の会,#88c900
福岡6区,候補者A,日本維新の会,#88c900
福岡6区,候補者B,無所属,#999999
福岡3区,候補者A,立憲民主党,#004098
福岡3区,候補者B,公明党,#f55883
福岡3区,候補者C,日本維新の会,#88c900
福岡4区,候補者A,社民党,#1ca9e9
福岡4区,候補者B,自由民主党,#d70035
福岡4区,候補者C,れいわ新選組,#e954a4
福岡4区,候補者D,無所属,#999999
山口1区,候補者A,公明党,#f55883
山口1区,候補者B,無所属,#999999
山口1区,候補者C,日本維新の会,#88c900
山口1区,候補者D,国民民主党,#fdbd02
山口2区,候補者A,国民民主党,#fdbd02
山口2区,候補者B,立憲民主党,#004098
山口2区,候補者C,日本維新の会,#88c900
山口2区,候補者D,公明党,#f55883
山口2区,候補者E,自由民主党,#d70035
埼玉5区,候補者A,立憲民主党,#004098
埼玉5区,候補者B,れいわ新選組,#e954a4
埼玉5区,候補者C,公明党,#f55883
埼玉5区,候補者D,日本共産党,#5a2e87
埼玉5区,候補者E,国民民主党,#fdbd02
埼玉6区,候補者A,社民党,#1ca9e9
埼玉6区,候補者B,れいわ新選組,#e954a4
埼玉3区,候補者A,日本共産党,#5a2e87
埼玉3区,候補者B,れいわ新選組,#e954a4
埼玉3区,候補者C,社民党,#1ca9e9
北海道1区,候補者A,社民党,#1ca9e9
北海道1区,候補者B,日本共産党,#5a2e87
北海道1区,候補者C,立憲民主党,#004098
北海道1区,候補者D,無所属,#999999
北海道1区,候補者E,国民民主党,#fdbd02
埼玉4区,候補者A,社民党,#1ca9e9
埼玉4区,候補者B,立憲民主党,#004098
埼玉4区,候補者C,国民民主党,#fdbd02
埼玉4区,候補者D,無所属,#999999
埼玉4区,候補者E,れいわ新選組,#e954a4
北海道2区,候補者A,自由民主党,#d70035
北海道2区,候補者B,日本維新の会,#88c900
埼玉9区,候補者A,日本維新の会,#88c900
埼玉9区,候補者B,無所属,#999999
埼玉10区,候補者A,国民民主党,#fdbd02
埼玉10区,候補者B,無所属,#999999
埼玉10区,候補者C,日本維新の会,#88c900
埼玉10区,候補者D,社民党,#1ca9e9
埼玉10区,候補者E,れいわ新選組,#e954a4
埼玉7区,候補者A,日本維新の会,#88c900
埼玉7区,候補者B,国民民主党,#fdbd02
埼玉8区,候補者A,無所属,#999999
埼玉8区,候補者B,日本維新の会,#88c900
埼玉8区,候補者C,立憲民主党,#004098
埼玉1区,候補者A,社民党,#1ca9e9
埼玉1区,候補者B,日本維新の会,#88c900
埼玉1区,候補者C,公明党,#f55883
埼玉1区,候補者D,国民民主党,#fdbd02
埼玉2区,候補者A,れいわ新選組,#e954a4
埼玉2区,候補者B,立憲民主党,#004098
埼玉2区,候補者C,自由民主党,#d70035
埼玉2区,候補者D,公明党,#f55883
和歌山1区,候補者A,国民民主党,#fdbd02
和歌山1区,候補者B,自由民主党,#d70035
和歌山1区,候補者C,公明党,#f55883
和歌山1区,候補者D,社民党,#1ca9e9
和歌山1区,候補者E,れいわ新選組,#e954a4
和歌山2区,候補者A,国民民主党,#fdbd02
和歌山2区,候補者B,日本共産党,#5a2e87
和歌山2区,候補者C,公明党,#f55883
和歌山2区,候補者D,れいわ新選組,#e954a4
埼玉13区,候補者A,無所属,#999999
埼玉13区,候補者B,国民民主党,#fdbd02
埼玉13区,候補者C,立憲民主党,#004098
埼玉13区,候補者D,れいわ新選組,#e954a4
埼玉14区,候補者A,国民民主党,#fdbd02
埼玉14区,候補者B,自由民主党,#d70035
埼玉14区,候補者C,日本共産党,#5a2e87
埼玉11区,候補者A,れいわ新選組,#e954a4
埼玉11区,候補者B,立憲民主党,#004098
埼玉11区,候補者C,無所属,#999999
埼玉12区,候補者A,国民民主党,#fdbd02
埼玉12区,候補者B,日本共産党,#5a2e87
埼玉12区,候補者C,れいわ新選組,#e954a4
埼玉12区,候補者D,社民党,#1ca9e9
埼玉15区,候補者A,日本維新の会,#88c900
埼玉15区,候補者B,立憲民主党,#004098
埼玉15区,候補者C,日本共産党,#5a2e87
埼玉16区,候補者A,立憲民主党,#004098
埼玉16区,候補者B,無所属,#999999
埼玉16区,候補者C,日本共産党,#5a2e87
埼玉16区,候補者D,日本維新の会,#88c900
山形1区,候補者A,自由民主党,#d70035
山形1区,候補者B,社民党,#1ca9e9
山形1区,候補者C,れいわ新選組,#e954a4
山形1区,候補者D,立憲民主党,#004098
山形1区,候補者E,公明党,#f55883
山形2区,候補者A,無所属,#999999
山形2区,候補者B,国民民主党,#fdbd02
山形2区,候補者C,公明党,#f55883
山形2区,候補者D,立憲民主党,#004098
山形3区,候補者A,日本共産党,#5a2e87
山形3区,候補者B,公明党,#f55883
山梨1区,候補者A,立憲民主党,#004098
山梨1区,候補者B,社民党,#1ca9e9
山梨1区,候補者C,国民民主党,#fdbd02
山梨1区,候補者D,自由民主党,#d70035
山梨1区,候補者E,日本共産党,#5a2e87
富山1区,候補者A,自由民主党,#d70035
富山1区,候補者B,国民民主党,#fdbd02
富山1区,候補者C,立憲民主党,#004098
富山1区,候補者D,公明党,#f55883
富山1区,候補者E,日本共産党,#5a2e87
山梨2区,候補者A,公明党,#f55883
山梨2区,候補者B,日本維新の会,#88c900
富山2区,候補者A,無所属,#999999
富山2区,候補者B,立憲民主党,#004098
富山2区,候補者C,自由民主党,#d70035
富山3区,候補者A,自由民主党,#d70035
富山3区,候補者B,れいわ新選組,#e954a4
富山3区,候補者C,日本共産党,#5a2e87
富山3区,候補者D,無所属,#999999
大分1区,候補者A,立憲民主党,#004098
大分1区,候補者B,自由民主党,#d70035
大分1区,候補者C,無所属,#999999
大分1区,候補者D,日本共産党,#5a2e87
大分1区,候補者E,公明党,#f55883
大分2区,候補者A,国民民主党,#fdbd02
大分2区,候補者B,自由民主党,#d70035
大分3区,候補者A,れいわ新選組,#e954a4
大分3区,候補者B,日本共産党,#5a2e87
大分3区,候補者C,社民党,#1ca9e9
三重1区,候補者A,国民民主党,#fdbd02
三重1区,候補者B,日本共産党,#5a2e87
三重1区,候補者C,れいわ新選組,#e954a4
三重1区,候補者D,公明党,#f55883
三重1区,候補者E,立憲民主党,#004098
三重2区,候補者A,社民党,#1ca9e9
三重2区,候補者B,公明党,#f55883
三重2区,候補者C,無所属,#999999
三重3区,候補者A,れいわ新選組,#e954a4
三重3区,候補者B,無所属,#999999
三重3区,候補者C,公明党,#f55883
三重3区,候補者D,国民民主党,#fdbd02
三重4区,候補者A,自由民主党,#d70035
三重4区,候補者B,公明党,#f55883
秋田1区,候補者A,自由民主党,#d70035
秋田1区,候補者B,社民党,#1ca9e9
秋田1区,候補者C,日本共産党,#5a2e87
秋田1区,候補者D,無所属,#999999
秋田2区,候補者A,日本共産党,#5a2e87
秋田2区,候補者B,日本維新の会,#88c900
秋田2区,候補者C,公明党,#f55883
秋田2区,候補者D,無所属,#999999
秋田2区,候補者E,れいわ新選組,#e954a4
広島1区,候補者A,社民党,#1ca9e9
広島1区,候補者B,日本共産党,#5a2e87
広島1区,候補者C,日本維新の会,#88c900
広島1区,候補者D,れいわ新選組,#e954a4
広島2区,候補者A,国民民主党,#fdbd02
広島2区,候補者B,社民党,#1ca9e9
広島2区,候補者C,れいわ新選組,#e954a4
広島2区,候補者D,日本維新の会,#88c900
広島5区,候補者A,国民民主党,#fdbd02
広島5区,候補者B,自由民主党,#d70035
広島5区,候補者C,社民党,#1ca9e9
広島5区,候補者D,無所属,#999999
奈良1区,候補者A,国民民主党,#fdbd02
奈良1区,候補者B,社民党,#1ca9e9
奈良1区,候補者C,れいわ新選組,#e954a4
広島6区,候補者A,れいわ新選組,#e954a4
広島6区,候補者B,公明党,#f55883
奈良2区,候補者A,れいわ新選組,#e954a4
奈良2区,候補者B,国民民主党,#fdbd02
奈良2区,候補者C,自由民主党,#d70035
奈良2区,候補者D,社民党,#1ca9e9
広島3区,候補者A,立憲民主党,#004098
広島3区,候補者B,公明党,#f55883
広島3区,候補者C,日本共産党,#5a2e87
広島3区,候補者D,日本維新の会,#88c900
広島4区,候補者A,自由民主党,#d70035
広島4区,候補者B,国民民主党,#fdbd02
広島4区,候補者C,日本維新の会,#88c900
広島4区,候補者D,無所属,#999999
広島4区,候補者E,れいわ新選組,#e954a4
高知1区,候補者A,れいわ新選組,#e954a4
高知1区,候補者B,日本共産党,#5a2e87
高知1区,候補者C,立憲民主党,#004098
高知1区,候補者D,自由民主党,#d70035
高知2区,候補者A,日本維新の会,#88c900
高知2区,候補者B,日本共産党,#5a2e87
高知2区,候補者C,社民党,#1ca9e9
高知2区,候補者D,公明党,#f55883
秋田3区,候補者A,無所属,#999999
秋田3区,候補者B,れいわ新選組,#e954a4
秋田3区,候補者C,社民党,#1ca9e9
秋田3区,候補者D,日本維新の会,#88c900
秋田3区,候補者E,日本共産党,#5a2e87
奈良3区,候補者A,日本維新の会,#88c900
奈良3区,候補者B,立憲民主党,#004098
奈良3区,候補者C,自由民主党,#d70035
奈良3区,候補者D,国民民主党,#fdbd02
奈良3区,候補者E,無所属,#999999
群馬1区,候補者A,自由民主党,#d70035
群馬1区,候補者B,れいわ新選組,#e954a4
群馬2区,候補者A,無所属,#999999
群馬2区,候補者B,国民民主党,#fdbd02
群馬2区,候補者C,れいわ新選組,#e954a4
群馬2区,候補者D,立憲民主党,#004098
群馬2区,候補者E,社民党,#1ca9e9
群馬5区,候補者A,自由民主党,#d70035
群馬5区,候補者B,公明党,#f55883
群馬5区,候補者C,日本維新の会,#88c900
群馬3区,候補者A,国民民主党,#fdbd02
群馬3区,候補者B,日本共産党,#5a2e87
群馬3区,候補者C,無所属,#999999
群馬4区,候補者A,公明党,#f55883
群馬4区,候補者B,日本共産党,#5a2e87
愛知13区,候補者A,日本共産党,#5a2e87
愛知13区,候補者B,国民民主党,#fdbd02
愛知13区,候補者C,れいわ新選組,#e954a4
愛知13区,候補者D,無所属,#999999
愛知14区,候補者A,自由民主党,#d70035
愛知14区,候補者B,社民党,#1ca9e9
愛知11区,候補者A,立憲民主党,#004098
愛知11区,候補者B,無所属,#999999
愛知11区,候補者C,日本維新の会,#88c900
愛知11区,候補者D,日本共産党,#5a2e87
愛知12区,候補者A,国民民主党,#fdbd02
愛知12区,候補者B,日本共産党,#5a2e87
愛知12区,候補者C,れいわ新選組,#e954a4
愛知12区,候補者D,自由民主党,#d70035
愛知12区,候補者E,公明党,#f55883
新潟5区,候補者A,公明党,#f55883
新潟5区,候補者B,日本維新の会,#88c900
愛知15区,候補者A,国民民主党,#fdbd02
愛知15区,候補者B,公明党,#f55883
愛知15区,候補者C,社民党,#1ca9e9
愛知16区,候補者A,日本共産党,#5a2e87
愛知16区,候補者B,公明党,#f55883
愛知16区,候補者C,社民党,#1ca9e9
愛知16区,候補者D,無所属,#999999
新潟3区,候補者A,無所属,#999999
新潟3区,候補者B,国民民主党,#fdbd02
新潟3区,候補者C,日本維新の会,#88c900
新潟3区,候補者D,公明党,#f55883
新潟3区,候補者E,れいわ新選組,#e954a4
新潟4区,候補者A,社民党,#1ca9e9
新潟4区,候補者B,立憲民主党,#004098
新潟4区,候補者C,日本共産党,#5a2e87
福井1区,候補者A,国民民主党,#fdbd02
福井1区,候補者B,日本維新の会,#88c900
福井1区,候補者C,自由民主党,#d70035
福井1区,候補者D,公明党,#f55883
福井1区,候補者E,無所属,#999999
福井2区,候補者A,立憲民主党,#004098
福井2区,候補者B,日本維新の会,#88c900
福井2区,候補者C,れいわ新選組,#e954a4
福井2区,候補者D,自由民主党,#d70035
福井2区,候補者E,国民民主党,#fdbd02
新潟1区,候補者A,国民民主党,#fdbd02
新潟1区,候補者B,自由民主党,#d70035
新潟1区,候補者C,日本維新の会,#88c900
新潟2区,候補者A,立憲民主党,#004098
新潟2区,候補者B,自由民主党,#d70035
新潟2区,候補者C,国民民主党,#fdbd02
熊本3区,候補者A,日本共産党,#5a2e87
熊本3区,候補者B,無所属,#999999
熊本3区,候補者C,自由民主党,#d70035
熊本4区,候補者A,自由民主党,#d70035
熊本4区,候補者B,日本維新の会,#88c900
熊本4区,候補者C,無所属,#999999
熊本4区,候補者D,立憲民主党,#004098
熊本4区,候補者E,社民党,#1ca9e9
熊本1区,候補者A,日本維新の会,#88c900
熊本1区,候補者B,社民党,#1ca9e9
熊本2区,候補者A,無所属,#999999
熊本2区,候補者B,日本維新の会,#88c900
熊本2区,候補者C,自由民主党,#d70035
熊本2区,候補者D,社民党,#1ca9e9
宮城1区,候補者A,無所属,#999999
宮城1区,候補者B,社民党,#1ca9e9
宮城1区,候補者C,日本維新の会,#88c900
宮城2区,候補者A,国民民主党,#fdbd02
宮城2区,候補者B,公明党,#f55883
宮城2区,候補者C,無所属,#999999
宮城2区,候補者D,自由民主党,#d70035
宮城2区,候補者E,立憲民主党,#004098
宮城5区,候補者A,公明党,#f55883
宮城5区,候補者B,国民民主党,#fdbd02
愛知5区,候補者A,れいわ新選組,#e954a4
愛知5区,候補者B,公明党,#f55883
愛知6区,候補者A,れいわ新選組,#e954a4
愛知6区,候補者B,社民党,#1ca9e9
愛知6区,候補者C,公明党,#f55883
愛知6区,候補者D,国民民主党,#fdbd02
愛知6区,候補者E,日本共産党,#5a2e87
宮城3区,候補者A,れいわ新選組,#e954a4
宮城3区,候補者B,日本維新の会,#88c900
宮城3区,候補者C,無所属,#999999
愛知3区,候補者A,公明党,#f55883
愛知3区,候補者B,無所属,#999999
愛知3区,候補者C,国民民主党,#fdbd02
宮城4区,候補者A,無所属,#999999
宮城4区,候補者B,国民民主党,#fdbd02
愛知4区,候補者A,社民党,#1ca9e9
愛知4区,候補者B,公明党,#f55883
愛知4区,候補者C,日本共産党,#5a2e87
愛知4区,候補者D,れいわ新選組,#e954a4
愛知4区,候補者E,日本維新の会,#88c900
愛知9区,候補者A,自由民主党,#d70035
愛知9区,候補者B,公明党,#f55883
愛知9区,候補者C,日本共産党,#5a2e87
愛知9区,候補者D,社民党,#1ca9e9
愛知9区,候補者E,日本維新の会,#88c900
愛知10区,候補者A,国民民主党,#fdbd02
愛知10区,候補者B,公明党,#f55883
愛知7区,候補者A,社民党,#1ca9e9
愛知7区,候補者B,公明党,#f55883
愛知8区,候補者A,れいわ新選組,#e954a4
愛知8区,候補者B,立憲民主党,#004098
愛知8区,候補者C,無所属,#999999
愛知8区,候補者D,公明党,#f55883
愛知8区,候補者E,日本共産党,#5a2e87
兵庫1区,候補者A,自由民主党,#d70035
兵庫1区,候補者B,日本維新の会,#88c900
兵庫1区,候補者C,社民党,#1ca9e9
兵庫1区,候補者D,日本共産党,#5a2e87
兵庫2区,候補者A,国民民主党,#fdbd02
兵庫2区,候補者B,れいわ新選組,#e954a4
兵庫2区,候補者C,日本共産党,#5a2e87
岡山3区,候補者A,国民民主党,#fdbd02
岡山3区,候補者B,社民党,#1ca9e9
岡山3区,候補者C,公明党,#f55883
岡山3区,候補者D,日本維新の会,#88c900
岡山3区,候補者E,日本共産党,#5a2e87
愛知1区,候補者A,立憲民主党,#004098
愛知1区,候補者B,国民民主党,#fdbd02
岡山4区,候補者A,自由民主党,#d70035
岡山4区,候補者B,公明党,#f55883
岡山4区,候補者C,国民民主党,#fdbd02
岡山4区,候補者D,社民党,#1ca9e9
愛知2区,候補者A,無所属,#999999
愛知2区,候補者B,公明党,#f55883
愛知2区,候補者C,社民党,#1ca9e9
愛知2区,候補者D,日本維新の会,#88c900
愛媛1区,候補者A,日本共産党,#5a2e87
愛媛1区,候補者B,社民党,#1ca9e9
愛媛1区,候補者C,日本維新の会,#88c900
愛媛1区,候補者D,立憲民主党,#004098
愛媛1区,候補者E,れいわ新選組,#e954a4
愛媛2区,候補者A,社民党,#1ca9e9
愛媛2区,候補者B,自由民主党,#d70035
愛媛2区,候補者C,公明党,#f55883
愛媛2区,候補者D,無所属,#999999
兵庫5区,候補者A,れいわ新選組,#e954a4
兵庫5区,候補者B,公明党,#f55883
兵庫5区,候補者C,日本維新の会,#88c900
兵庫6区,候補者A,国民民主党,#fdbd02
兵庫6区,候補者B,社民党,#1ca9e9
兵庫6区,候補者C,公明党,#f55883
兵庫6区,候補者D,無所属,#999999
兵庫6区,候補者E,立憲民主党,#004098
兵庫3区,候補者A,日本共産党,#5a2e87
兵庫3区,候補者B,立憲民主党,#004098
兵庫3区,候補者C,国民民主党,#fdbd02
兵庫3区,候補者D,れいわ新選組,#e954a4
兵庫4区,候補者A,公明党,#f55883
兵庫4区,候補者B,日本維新の会,#88c900
兵庫4区,候補者C,国民民主党,#fdbd02
兵庫4区,候補者D,れいわ新選組,#e954a4
愛媛3区,候補者A,れいわ新選組,#e954a4
愛媛3区,候補者B,公明党,#f55883
愛媛3区,候補者C,立憲民主党,#004098
愛媛3区,候補者D,日本維新の会,#88c900
神奈川17区,候補者A,国民民主党,#fdbd02
神奈川17区,候補者B,公明党,#f55883
神奈川18区,候補者A,無所属,#999999
神奈川18区,候補者B,立憲民主党,#004098
神奈川18区,候補者C,社民党,#1ca9e9
神奈川15区,候補者A,無所属,#999999
神奈川15区,候補者B,れいわ新選組,#e954a4
神奈川15区,候補者C,国民民主党,#fdbd02
神奈川15区,候補者D,自由民主党,#d70035
神奈川15区,候補者E,日本維新の会,#88c900
神奈川16区,候補者A,れいわ新選組,#e954a4
神奈川16区,候補者B,日本維新の会,#88c900
神奈川16区,候補者C,無所属,#999999
神奈川16区,候補者D,公明党,#f55883
神奈川16区,候補者E,自由民主党,#d70035
神奈川19区,候補者A,日本共産党,#5a2e87
神奈川19区,候補者B,公明党,#f55883
神奈川19区,候補者C,無所属,#999999
神奈川20区,候補者A,立憲民主党,#004098
神奈川20区,候補者B,自由民主党,#d70035
神奈川20区,候補者C,無所属,#999999
神奈川20区,候補者D,国民民主党,#fdbd02
神奈川20区,候補者E,日本共産党,#5a2e87
栃木5区,候補者A,日本維新の会,#88c900
栃木5区,候補者B,自由民主党,#d70035
栃木5区,候補者C,れいわ新選組,#e954a4
栃木5区,候補者D,社民党,#1ca9e9
栃木3区,候補者A,国民民主党,#fdbd02
栃木3区,候補者B,無所属,#999999
栃木3区,候補者C,れいわ新選組,#e954a4
栃木3区,候補者D,自由民主党,#d70035
栃木3区,候補者E,社民党,#1ca9e9
栃木4区,候補者A,国民民主党,#fdbd02
栃木4区,候補者B,立憲民主党,#004098
兵庫9区,候補者A,自由民主党,#d70035
兵庫9区,候補者B,れいわ新選組,#e954a4
兵庫10区,候補者A,国民民主党,#fdbd02
兵庫10区,候補者B,立憲民主党,#004098
兵庫10区,候補者C,自由民主党,#d70035
兵庫10区,候補者D,日本維新の会,#88c900
兵庫7区,候補者A,日本共産党,#5a2e87
兵庫7区,候補者B,れいわ新選組,#e954a4
兵庫7区,候補者C,公明党,#f55883
兵庫7区,候補者D,日本維新の会,#88c900
兵庫7区,候補者E,無所属,#999999
兵庫8区,候補者A,日本共産党,#5a2e87
兵庫8区,候補者B,日本維新の会,#88c900
兵庫8区,候補者C,れいわ新選組,#e954a4
兵庫11区,候補者A,れいわ新選組,#e954a4
兵庫11区,候補者B,日本共産党,#5a2e87
兵庫11区,候補者C,公明党,#f55883
兵庫11区,候補者D,国民民主党,#fdbd02
兵庫12区,候補者A,立憲民主党,#004098
兵庫12区,候補者B,社民党,#1ca9e9
兵庫12区,候補者C,国民民主党,#fdbd02
岡山1区,候補者A,社民党,#1ca9e9
岡山1区,候補者B,れいわ新選組,#e954a4
岡山1区,候補者C,日本維新の会,#88c900
岡山1区,候補者D,自由民主党,#d70035
岡山2区,候補者A,国民民主党,#fdbd02
岡山2区,候補者B,日本維新の会,#88c900
岡山2区,候補者C,無所属,#999999
神奈川9区,候補者A,日本維新の会,#88c900
神奈川9区,候補者B,立憲民主党,#004098
神奈川9区,候補者C,国民民主党,#fdbd02
神奈川9区,候補者D,社民党,#1ca9e9
神奈川10区,候補者A,公明党,#f55883
神奈川10区,候補者B,国民民主党,#fdbd02
神奈川7区,候補者A,社民党,#1ca9e9
神奈川7区,候補者B,国民民主党,#fdbd02
神奈川7区,候補者C,日本共産党,#5a2e87
神奈川7区,候補者D,公明党,#f55883
神奈川7区,候補者E,日本維新の会,#88c900
神奈川8区,候補者A,公明党,#f55883
神奈川8区,候補者B,国民民主党,#fdbd02
神奈川8区,候補者C,立憲民主党,#004098
神奈川8区,候補者D,れいわ新選組,#e954a4
神奈川8区,候補者E,無所属,#999999
神奈川13区,候補者A,日本共産党,#5a2e87
神奈川13区,候補者B,自由民主党,#d70035
神奈川13区,候補者C,日本維新の会,#88c900
神奈川13区,候補者D,社民党,#1ca9e9
神奈川14区,候補者A,れいわ新選組,#e954a4
神奈川14区,候補者B,日本維新の会,#88c900
神奈川14区,候補者C,立憲民主党,#004098
神奈川11区,候補者A,自由民主党,#d70035
神奈川11区,候補者B,れいわ新選組,#e954a4
神奈川11区,候補者C,無所属,#999999
石川3区,候補者A,公明党,#f55883
石川3区,候補者B,無所属,#999999
神奈川12区,候補者A,社民党,#1ca9e9
神奈川12区,候補者B,日本共産党,#5a2e87
神奈川1区,候補者A,自由民主党,#d70035
神奈川1区,候補者B,立憲民主党,#004098
神奈川1区,候補者C,れいわ新選組,#e954a4
神奈川1区,候補者D,公明党,#f55883
神奈川2区,候補者A,れいわ新選組,#e954a4
神奈川2区,候補者B,国民民主党,#fdbd02
神奈川2区,候補者C,公明党,#f55883
神奈川2区,候補者D,自由民主党,#d70035
神奈川5区,候補者A,公明党,#f55883
神奈川5区,候補者B,日本共産党,#5a2e87
栃木1区,候補者A,れいわ新選組,#e954a4
栃木1区,候補者B,自由民主党,#d70035
栃木1区,候補者C,日本共産党,#5a2e87
栃木1区,候補者D,日本維新の会,#88c900
栃木1区,候補者E,無所属,#999999
神奈川6区,候補者A,国民民主党,#fdbd02
神奈川6区,候補者B,社民党,#1ca9e9
栃木2区,候補者A,れいわ新選組,#e954a4
栃木2区,候補者B,自由民主党,#d70035
栃木2区,候補者C,日本共産党,#5a2e87
神奈川3区,候補者A,自由民主党,#d70035
神奈川3区,候補者B,無所属,#999999
神奈川3区,候補者C,国民民主党,#fdbd02
神奈川3区,候補者D,社民党,#1ca9e9
神奈川4区,候補者A,れいわ新選組,#e954a4
神奈川4区,候補者B,立憲民主党,#004098
神奈川4区,候補者C,社民党,#1ca9e9
長崎1区,候補者A,自由民主党,#d70035
長崎1区,候補者B,無所属,#999999
長崎1区,候補者C,日本維新の会,#88c900
長崎2区,候補者A,日本共産党,#5a2e87
長崎2区,候補者B,公明党,#f55883
長崎2区,候補者C,社民党,#1ca9e9
香川1区,候補者A,国民民主党,#fdbd02
香川1区,候補者B,公明党,#f55883
香川2区,候補者A,無所属,#999999
香川2区,候補者B,日本維新の会,#88c900
香川2区,候補者C,自由民主党,#d70035
長崎3区,候補者A,自由民主党,#d70035
長崎3区,候補者B,日本共産党,#5a2e87
静岡7区,候補者A,国民民主党,#fdbd02
静岡7区,候補者B,日本共産党,#5a2e87
静岡7区,候補者C,自由民主党,#d70035
静岡7区,候補者D,れいわ新選組,#e954a4
静岡8区,候補者A,日本共産党,#5a2e87
静岡8区,候補者B,無所属,#999999
静岡8区,候補者C,立憲民主党,#004098
静岡8区,候補者D,日本維新の会,#88c900
静岡8区,候補者E,れいわ新選組,#e954a4
岩手3区,候補者A,立憲民主党,#004098
岩手3区,候補者B,公明党,#f55883
岩手3区,候補者C,日本維新の会,#88c900
静岡1区,候補者A,社民党,#1ca9e9
静岡1区,候補者B,立憲民主党,#004098
静岡1区,候補者C,国民民主党,#fdbd02
静岡1区,候補者D,無所属,#999999
静岡1区,候補者E,公明党,#f55883
静岡2区,候補者A,日本維新の会,#88c900
静岡2区,候補者B,無所属,#999999
静岡2区,候補者C,公明党,#f55883
大阪5区,候補者A,公明党,#f55883
大阪5区,候補者B,日本共産党,#5a2e87
大阪5区,候補者C,国民民主党,#fdbd02
大阪6区,候補者A,自由民主党,#d70035
大阪6区,候補者B,公明党,#f55883
大阪6区,候補者C,無所属,#999999
大阪6区,候補者D,れいわ新選組,#e954a4
静岡5区,候補者A,国民民主党,#fdbd02
静岡5区,候補者B,れいわ新選組,#e954a4
静岡5区,候補者C,無所属,#999999
大阪3区,候補者A,れいわ新選組,#e954a4
大阪3区,候補者B,自由民主党,#d70035
大阪3区,候補者C,公明党,#f55883
大阪3区,候補者D,立憲民主党,#004098
大阪3区,候補者E,日本維新の会,#88c900
石川1区,候補者A,日本共産党,#5a2e87
石川1区,候補者B,自由民主党,#d70035
石川1区,候補者C,国民民主党,#fdbd02
石川1区,候補者D,日本維新の会,#88c900
静岡6区,候補者A,立憲民主党,#004098
静岡6区,候補者B,れいわ新選組,#e954a4
静岡6区,候補者C,公明党,#f55883
大阪4区,候補者A,立憲民主党,#004098
大阪4区,候補者B,日本共産党,#5a2e87
大阪4区,候補者C,社民党,#1ca9e9
石川2区,候補者A,無所属,#999999
石川2区,候補者B,れいわ新選組,#e954a4
石川2区,候補者C,社民党,#1ca9e9
石川2区,候補者D,日本維新の会,#88c900
石川2区,候補者E,自由民主党,#d70035
静岡3区,候補者A,日本維新の会,#88c900
静岡3区,候補者B,日本共産党,#5a2e87
静岡3区,候補者C,社民党,#1ca9e9
静岡3区,候補者D,公明党,#f55883
静岡3区,候補者E,立憲民主党,#004098
香川3区,候補者A,社民党,#1ca9e9
香川3区,候補者B,無所属,#999999
香川3区,候補者C,自由民主党,#d70035
香川3区,候補者D,れいわ新選組,#e954a4
大阪9区,候補者A,日本共産党,#5a2e87
大阪9区,候補者B,公明党,#f55883
大阪9区,候補者C,国民民主党,#fdbd02
大阪9区,候補者D,無所属,#999999
静岡4区,候補者A,日本共産党,#5a2e87
静岡4区,候補者B,自由民主党,#d70035
岩手1区,候補者A,日本共産党,#5a2e87
岩手1区,候補者B,社民党,#1ca9e9
大阪10区,候補者A,自由民主党,#d70035
大阪10区,候補者B,立憲民主党,#004098
大阪10区,候補者C,国民民主党,#fdbd02
大阪10区,候補者D,公明党,#f55883
大阪10区,候補者E,無所属,#999999
岩手2区,候補者A,れいわ新選組,#e954a4
岩手2区,候補者B,日本維新の会,#88c900
岩手2区,候補者C,無所属,#999999
大阪7区,候補者A,社民党,#1ca9e9
大阪7区,候補者B,公明党,#f55883
大阪7区,候補者C,立憲民主党,#004098
大阪7区,候補者D,無所属,#999999
大阪7区,候補者E,自由民主党,#d70035
大阪8区,候補者A,立憲民主党,#004098
大阪8区,候補者B,国民民主党,#fdbd02
大阪8区,候補者C,公明党,#f55883
大阪8区,候補者D,無所属,#999999
東京29区,候補者A,自由民主党,#d70035
東京29区,候補者B,社民党,#1ca9e9
東京29区,候補者C,立憲民主党,#004098
東京30区,候補者A,社民党,#1ca9e9
東京30区,候補者B,国民民主党,#fdbd02
大阪1区,候補者A,日本共産党,#5a2e87
大阪1区,候補者B,れいわ新選組,#e954a4
大阪1区,候補者C,立憲民主党,#004098
東京27区,候補者A,社民党,#1ca9e9
東京27区,候補者B,無所属,#999999
東京27区,候補者C,日本維新の会,#88c900
大阪2区,候補者A,日本共産党,#5a2e87
大阪2区,候補者B,日本維新の会,#88c900
大阪2区,候補者C,国民民主党,#fdbd02
東京28区,候補者A,公明党,#f55883
東京28区,候補者B,国民民主党,#fdbd02
大阪19区,候補者A,国民民主党,#fdbd02
大阪19区,候補者B,日本維新の会,#88c900
大阪19区,候補者C,日本共産党,#5a2e87
東京21区,候補者A,社民党,#1ca9e9
東京21区,候補者B,公明党,#f55883
東京21区,候補者C,れいわ新選組,#e954a4
東京21区,候補者D,日本維新の会,#88c900
東京21区,候補者E,無所属,#999999
東京22区,候補者A,国民民主党,#fdbd02
東京22区,候補者B,無所属,#999999
東京22区,候補者C,れいわ新選組,#e954a4
東京19区,候補者A,公明党,#f55883
東京19区,候補者B,れいわ新選組,#e954a4
東京20区,候補者A,公明党,#f55883
東京20区,候補者B,自由民主党,#d70035
東京25区,候補者A,自由民主党,#d70035
東京25区,候補者B,立憲民主党,#004098
東京25区,候補者C,国民民主党,#fdbd02
東京26区,候補者A,自由民主党,#d70035
東京26区,候補者B,日本維新の会,#88c900
大阪13区,候補者A,自由民主党,#d70035
大阪13区,候補者B,無所属,#999999
大阪13区,候補者C,日本共産党,#5a2e87
東京23区,候補者A,国民民主党,#fdbd02
東京23区,候補者B,自由民主党,#d70035
東京23区,候補者C,日本共産党,#5a2e87
大阪14区,候補者A,日本維新の会,#88c900
大阪14区,候補者B,公明党,#f55883
東京24区,候補者A,日本維新の会,#88c900
東京24区,候補者B,社民党,#1ca9e9
東京24区,候補者C,国民民主党,#fdbd02
東京24区,候補者D,無所属,#999999
東京24区,候補者E,れいわ新選組,#e954a4
大阪11区,候補者A,立憲民主党,#004098
大阪11区,候補者B,公明党,#f55883
大阪12区,候補者A,社民党,#1ca9e9
大阪12区,候補者B,立憲民主党,#004098
大阪12区,候補者C,日本共産党,#5a2e87
大阪12区,候補者D,無所属,#999999
大阪12区,候補者E,公明党,#f55883
大阪17区,候補者A,公明党,#f55883
大阪17区,候補者B,日本維新の会,#88c900
大阪17区,候補者C,立憲民主党,#004098
大阪17区,候補者D,日本共産党,#5a2e87
大阪18区,候補者A,日本共産党,#5a2e87
大阪18区,候補者B,立憲民主党,#004098
茨城7区,候補者A,日本維新の会,#88c900
茨城7区,候補者B,公明党,#f55883
茨城7区,候補者C,日本共産党,#5a2e87
大阪15区,候補者A,立憲民主党,#004098
大阪15区,候補者B,公明党,#f55883
大阪16区,候補者A,日本共産党,#5a2e87
大阪16区,候補者B,れいわ新選組,#e954a4
大阪16区,候補者C,社民党,#1ca9e9
大阪16区,候補者D,公明党,#f55883
島根1区,候補者A,社民党,#1ca9e9
島根1区,候補者B,日本維新の会,#88c900
島根2区,候補者A,無所属,#999999
島根2区,候補者B,自由民主党,#d70035
島根2区,候補者C,日本維新の会,#88c900
島根2区,候補者D,国民民主党,#fdbd02
沖縄3区,候補者A,れいわ新選組,#e954a4
沖縄3区,候補者B,日本共産党,#5a2e87
沖縄3区,候補者C,社民党,#1ca9e9
沖縄3区,候補者D,日本維新の会,#88c900
東京1区,候補者A,れいわ新選組,#e954a4
東京1区,候補者B,公明党,#f55883
東京1区,候補者C,自由民主党,#d70035
沖縄4区,候補者A,日本維新の会,#88c900
沖縄4区,候補者B,無所属,#999999
東京2区,候補者A,無所属,#999999
東京2区,候補者B,国民民主党,#fdbd02
沖縄1区,候補者A,立憲民主党,#004098
沖縄1区,候補者B,日本共産党,#5a2e87
沖縄1区,候補者C,日本維新の会,#88c900
沖縄1区,候補者D,国民民主党,#fdbd02
沖縄1区,候補者E,無所属,#999999
沖縄2区,候補者A,無所属,#999999
沖縄2区,候補者B,日本維新の会,#88c900
沖縄2区,候補者C,自由民主党,#d70035
東京13区,候補者A,日本維新の会,#88c900
東京13区,候補者B,国民民主党,#fdbd02
東京13区,候補者C,れいわ新選組,#e954a4
東京14区,候補者A,立憲民主党,#004098
東京14区,候補者B,日本維新の会,#88c900
東京14区,候補者C,公明党,#f55883
東京14区,候補者D,自由民主党,#d70035
東京11区,候補者A,社民党,#1ca9e9
東京11区,候補者B,自由民主党,#d70035
東京11区,候補者C,公明党,#f55883
東京11区,候補者D,日本維新の会,#88c900
東京11区,候補者E,国民民主党,#fdbd02
東京12区,候補者A,国民民主党,#fdbd02
東京12区,候補者B,立憲民主党,#004098
東京17区,候補者A,れいわ新選組,#e954a4
東京17区,候補者B,社民党,#1ca9e9
東京17区,候補者C,自由民主党,#d70035
東京17区,候補者D,国民民主党,#fdbd02
東京18区,候補者A,無所属,#999999
東京18区,候補者B,日本維新の会,#88c900
東京18区,候補者C,社民党,#1ca9e9
東京18区,候補者D,自由民主党,#d70035
東京15区,候補者A,日本共産党,#5a2e87
東京15区,候補者B,立憲民主党,#004098
東京15区,候補者C,国民民主党,#fdbd02
東京16区,候補者A,無所属,#999999
東京16区,候補者B,社民党,#1ca9e9
東京16区,候補者C,自由民主党,#d70035
東京16区,候補者D,れいわ新選組,#e954a4
東京16区,候補者E,公明党,#f55883
東京5区,候補者A,立憲民主党,#004098
東京5区,候補者B,れいわ新選組,#e954a4
東京5区,候補者C,社民党,#1ca9e9
茨城1区,候補者A,社民党,#1ca9e9
茨城1区,候補者B,国民民主党,#fdbd02
茨城1区,候補者C,日本共産党,#5a2e87
茨城1区,候補者D,れいわ新選組,#e954a4
茨城1区,候補者E,無所属,#999999
東京6区,候補者A,日本維新の会,#88c900
東京6区,候補者B,無所属,#999999
東京6区,候補者C,国民民主党,#fdbd02
茨城2区,候補者A,国民民主党,#fdbd02
茨城2区,候補者B,自由民主党,#d70035
茨城2区,候補者C,社民党,#1ca9e9
東京3区,候補者A,立憲民主党,#004098
東京3区,候補者B,日本維新の会,#88c900
東京3区,候補者C,日本共産党,#5a2e87
東京3区,候補者D,国民民主党,#fdbd02
東京4区,候補者A,社民党,#1ca9e9
東京4区,候補者B,公明党,#f55883
東京4区,候補者C,自由民主党,#d70035
東京4区,候補者D,国民民主党,#fdbd02
東京4区,候補者E,日本維新の会,#88c900
東京9区,候補者A,れいわ新選組,#e954a4
東京9区,候補者B,無所属,#999999
東京9区,候補者C,社民党,#1ca9e9
茨城5区,候補者A,国民民主党,#fdbd02
茨城5区,候補者B,社民党,#1ca9e9
茨城5区,候補者C,立憲民主党,#004098
茨城5区,候補者D,自由民主党,#d70035
茨城5区,候補者E,日本共産党,#5a2e87
東京10区,候補者A,れいわ新選組,#e954a4
東京10区,候補者B,自由民主党,#d70035
茨城6区,候補者A,自由民主党,#d70035
茨城6区,候補者B,公明党,#f55883
茨城6区,候補者C,国民民主党,#fdbd02
茨城6区,候補者D,れいわ新選組,#e954a4
茨城6区,候補者E,日本共産党,#5a2e87
東京7区,候補者A,日本維新の会,#88c900
東京7区,候補者B,国民民主党,#fdbd02
東京7区,候補者C,立憲民主党,#004098
茨城3区,候補者A,公明党,#f55883
茨城3区,候補者B,自由民主党,#d70035
東京8区,候補者A,日本共産党,#5a2e87
東京8区,候補者B,無所属,#999999
茨城4区,候補者A,無所属,#999999
茨城4区,候補者B,日本共産党,#5a2e87
茨城4区,候補者C,公明党,#f55883
京都1区,候補者A,国民民主党,#fdbd02
京都1区,候補者B,れいわ新選組,#e954a4
京都1区,候補者C,自由民主党,#d70035
京都2区,候補者A,立憲民主党,#004098
京都2区,候補者B,公明党,#f55883
京都2区,候補者C,れいわ新選組,#e954a4
京都5区,候補者A,社民党,#1ca9e9
京都5区,候補者B,立憲民主党,#004098
京都5区,候補者C,日本維新の会,#88c900
京都5区,候補者D,自由民主党,#d70035
京都5区,候補者E,国民民主党,#fdbd02
岐阜1区,候補者A,社民党,#1ca9e9
岐阜1区,候補者B,自由民主党,#d70035
京都6区,候補者A,日本維新の会,#88c900
京都6区,候補者B,社民党,#1ca9e9
京都6区,候補者C,国民民主党,#fdbd02
京都6区,候補者D,立憲民主党,#004098
京都6区,候補者E,日本共産党,#5a2e87
岐阜2区,候補者A,無所属,#999999
岐阜2区,候補者B,れいわ新選組,#e954a4
京都3区,候補者A,無所属,#999999
京都3区,候補者B,日本維新の会,#88c900
京都4区,候補者A,公明党,#f55883
京都4区,候補者B,社民党,#1ca9e9
青森1区,候補者A,公明党,#f55883
青森1区,候補者B,日本維新の会,#88c900
青森1区,候補者C,れいわ新選組,#e954a4
青森1区,候補者D,無所属,#999999
青森2区,候補者A,立憲民主党,#004098
青森2区,候補者B,れいわ新選組,#e954a4
青森2区,候補者C,自由民主党,#d70035
青森2区,候補者D,無所属,#999999
岐阜5区,候補者A,自由民主党,#d70035
岐阜5区,候補者B,無所属,#999999
岐阜5区,候補者C,れいわ新選組,#e954a4
岐阜5区,候補者D,立憲民主党,#004098
青森3区,候補者A,無所属,#999999
青森3区,候補者B,れいわ新選組,#e954a4
青森3区,候補者C,国民民主党,#fdbd02
岐阜3区,候補者A,公明党,#f55883
岐阜3区,候補者B,日本共産党,#5a2e87
岐阜3区,候補者C,社民党,#1ca9e9
岐阜4区,候補者A,立憲民主党,#004098
岐阜4区,候補者B,れいわ新選組,#e954a4
岐阜4区,候補者C,日本維新の会,#88c900
岐阜4区,候補者D,自由民主党,#d70035
徳島1区,候補者A,国民民主党,#fdbd02
徳島1区,候補者B,日本共産党,#5a2e87
徳島1区,候補者C,無所属,#999999
徳島1区,候補者D,公明党,#f55883
徳島2区,候補者A,公明党,#f55883
徳島2区,候補者B,日本維新の会,#88c900
徳島2区,候補者C,社民党,#1ca9e9
徳島2区,候補者D,立憲民主党,#004098
鹿児島1区,候補者A,国民民主党,#fdbd02
鹿児島1区,候補者B,日本維新の会,#88c900
鹿児島1区,候補者C,日本共産党,#5a2e87
鹿児島1区,候補者D,立憲民主党,#004098
鹿児島2区,候補者A,自由民主党,#d70035
鹿児島2区,候補者B,日本維新の会,#88c900
鹿児島2区,候補者C,社民党,#1ca9e9
鹿児島2区,候補者D,立憲民主党,#004098
鹿児島2区,候補者E,日本共産党,#5a2e87
佐賀1区,候補者A,れいわ新選組,#e954a4
佐賀1区,候補者B,立憲民主党,#004098
佐賀2区,候補者A,自由民主党,#d70035
佐賀2区,候補者B,社民党,#1ca9e9
佐賀2区,候補者C,立憲民主党,#004098
佐賀2区,候補者D,無所属,#999999
佐賀2区,候補者E,日本共産党,#5a2e87
鹿児島3区,候補者A,立憲民主党,#004098
鹿児島3区,候補者B,社民党,#1ca9e9
鹿児島3区,候補者C,日本共産党,#5a2e87
鹿児島3区,候補者D,無所属,#999999
鹿児島4区,候補者A,自由民主党,#d70035
鹿児島4区,候補者B,立憲民主党,#004098
千葉1区,候補者A,日本維新の会,#88c900
千葉1区,候補者B,国民民主党,#fdbd02
千葉1区,候補者C,立憲民主党,#004098
千葉1区,候補者D,社民党,#1ca9e9
千葉1区,候補者E,日本共産党,#5a2e87
千葉2区,候補者A,日本共産党,#5a2e87
千葉2区,候補者B,立憲民主党,#004098
千葉5区,候補者A,社民党,#1ca9e9
千葉5区,候補者B,自由民主党,#d70035
千葉6区,候補者A,日本維新の会,#88c900
千葉6区,候補者B,公明党,#f55883
千葉6区,候補者C,国民民主党,#fdbd02
千葉6区,候補者D,社民党,#1ca9e9
千葉6区,候補者E,日本共産党,#5a2e87
千葉3区,候補者A,社民党,#1ca9e9
千葉3区,候補者B,日本維新の会,#88c900
千葉3区,候補者C,れいわ新選組,#e954a4
千葉4区,候補者A,自由民主党,#d70035
千葉4区,候補者B,国民民主党,#fdbd02
千葉4区,候補者C,日本共産党,#5a2e87
鳥取1区,候補者A,公明党,#f55883
鳥取1区,候補者B,社民党,#1ca9e9
鳥取2区,候補者A,日本共産党,#5a2e87
鳥取2区,候補者B,社民党,#1ca9e9
千葉9区,候補者A,日本共産党,#5a2e87
千葉9区,候補者B,公明党,#f55883
千葉10区,候補者A,日本共産党,#5a2e87
千葉10区,候補者B,立憲民主党,#004098
千葉7区,候補者A,自由民主党,#d70035
千葉7区,候補者B,無所属,#999999
千葉7区,候補者C,れいわ新選組,#e954a4
福島3区,候補者A,無所属,#999999
福島3区,候補者B,自由民主党,#d70035
千葉8区,候補者A,自由民主党,#d70035
千葉8区,候補者B,公明党,#f55883
千葉8区,候補者C,国民民主党,#fdbd02
福島4区,候補者A,日本共産党,#5a2e87
福島4区,候補者B,公明党,#f55883
福島4区,候補者C,日本維新の会,#88c900
千葉13区,候補者A,自由民主党,#d70035
千葉13区,候補者B,社民党,#1ca9e9
千葉14区,候補者A,公明党,#f55883
千葉14区,候補者B,立憲民主党,#004098
千葉14区,候補者C,れいわ新選組,#e954a4
千葉14区,候補者D,無所属,#999999
千葉14区,候補者E,国民民主党,#fdbd02
千葉11区,候補者A,れいわ新選組,#e954a4
千葉11区,候補者B,日本維新の会,#88c900
千葉11区,候補者C,国民民主党,#fdbd02
千葉11区,候補者D,自由民主党,#d70035
千葉12区,候補者A,社民党,#1ca9e9
千葉12区,候補者B,立憲民主党,#004098
千葉12区,候補者C,自由民主党,#d70035
千葉12区,候補者D,国民民主党,#fdbd02
長野1区,候補者A,日本共産党,#5a2e87
長野1区,候補者B,日本維新の会,#88c900
長野1区,候補者C,立憲民主党,#004098
長野2区,候補者A,立憲民主党,#004098
長野2区,候補者B,れいわ新選組,#e954a4
長野2区,候補者C,社民党,#1ca9e9
長野2区,候補者D,日本共産党,#5a2e87
滋賀3区,候補者A,立憲民主党,#004098
滋賀3区,候補者B,公明党,#f55883
滋賀3区,候補者C,自由民主党,#d70035
滋賀3区,候補者D,日本共産党,#5a2e87
福島1区,候補者A,公明党,#f55883
福島1区,候補者B,日本共産党,#5a2e87
福島1区,候補者C,立憲民主党,#004098
福島2区,候補者A,立憲民主党,#004098
福島2区,候補者B,公明党,#f55883
福島2区,候補者C,日本維新の会,#88c900
福島2区,候補者D,日本共産党,#5a2e87
長野5区,候補者A,国民民主党,#fdbd02
長野5区,候補者B,れいわ新選組,#e954a4
長野5区,候補者C,立憲民主党,#004098
長野5区,候補者D,社民党,#1ca9e9
福岡9区,候補者A,社民党,#1ca9e9
福岡9区,候補者B,国民民主党,#fdbd02
福岡9区,候補者C,日本維新の会,#88c900
福岡9区,候補者D,日本共産党,#5a2e87
福岡10区,候補者A,無所属,#999999
福岡10区,候補者B,日本維新の会,#88c900
福岡10区,候補者C,日本共産党,#5a2e87
福岡10区,候補者D,国民民主党,#fdbd02
長野3区,候補者A,れいわ新選組,#e954a4
長野3区,候補者B,公明党,#f55883
長野3区,候補者C,立憲民主党,#004098
福岡7区,候補者A,社民党,#1ca9e9
福岡7区,候補者B,日本維新の会,#88c900
長野4区,候補者A,公明党,#f55883
長野4区,候補者B,れいわ新選組,#e954a4
長野4区,候補者C,社民党,#1ca9e9
長野4区,候補者D,日本維新の会,#88c900
長野4区,候補者E,自由民主党,#d70035
福岡8区,候補者A,無所属,#999999
福岡8区,候補者B,日本共産党,#5a2e87
福岡11区,候補者A,国民民主党,#fdbd02
福岡11区,候補者B,立憲民主党,#004098
福岡11区,候補者C,社民党,#1ca9e9
福岡11区,候補者D,れいわ新選組,#e954a4
福岡11区,候補者E,日本共産党,#5a2e87
